race_id	surface	distance	post	lead	captured_at	official_datetime	umaban	odds	pop
202602010801	芝	1200	09:50	8	2026-07-05 09:42	2026-07-05 09:42:01	1	38.9	7
202602010801	芝	1200	09:50	8	2026-07-05 09:42	2026-07-05 09:42:01	2	7.8	3
202602010801	芝	1200	09:50	8	2026-07-05 09:42	2026-07-05 09:42:01	3	18.3	6
202602010801	芝	1200	09:50	8	2026-07-05 09:42	2026-07-05 09:42:01	4	9.4	5
202602010801	芝	1200	09:50	8	2026-07-05 09:42	2026-07-05 09:42:01	5	8.6	4
202602010801	芝	1200	09:50	8	2026-07-05 09:42	2026-07-05 09:42:01	6	1.6	1
202602010801	芝	1200	09:50	8	2026-07-05 09:42	2026-07-05 09:42:01	7	5.6	2
202602010801	芝	1200	09:50	8	2026-07-05 09:42	2026-07-05 09:42:01	8	55.0	9
202602010801	芝	1200	09:50	8	2026-07-05 09:42	2026-07-05 09:42:01	9	46.1	8
202602010801	芝	1200	09:50	5	2026-07-05 09:45	2026-07-05 09:45:01	1	43.0	7
202602010801	芝	1200	09:50	5	2026-07-05 09:45	2026-07-05 09:45:01	2	7.2	3
202602010801	芝	1200	09:50	5	2026-07-05 09:45	2026-07-05 09:45:01	3	19.0	6
202602010801	芝	1200	09:50	5	2026-07-05 09:45	2026-07-05 09:45:01	4	9.2	5
202602010801	芝	1200	09:50	5	2026-07-05 09:45	2026-07-05 09:45:01	5	8.9	4
202602010801	芝	1200	09:50	5	2026-07-05 09:45	2026-07-05 09:45:01	6	1.6	1
202602010801	芝	1200	09:50	5	2026-07-05 09:45	2026-07-05 09:45:01	7	5.9	2
202602010801	芝	1200	09:50	5	2026-07-05 09:45	2026-07-05 09:45:01	8	56.5	9
202602010801	芝	1200	09:50	5	2026-07-05 09:45	2026-07-05 09:45:01	9	48.7	8
202603020401	ダ	1700	09:55	10	2026-07-05 09:45	2026-07-05 09:44:31	1	52.5	12
202603020401	ダ	1700	09:55	10	2026-07-05 09:45	2026-07-05 09:44:31	2	13.0	6
202603020401	ダ	1700	09:55	10	2026-07-05 09:45	2026-07-05 09:44:31	3	18.2	7
202603020401	ダ	1700	09:55	10	2026-07-05 09:45	2026-07-05 09:44:31	4	110.4	15
202603020401	ダ	1700	09:55	10	2026-07-05 09:45	2026-07-05 09:44:31	5	4.2	2
202603020401	ダ	1700	09:55	10	2026-07-05 09:45	2026-07-05 09:44:31	6	22.9	9
202603020401	ダ	1700	09:55	10	2026-07-05 09:45	2026-07-05 09:44:31	7	92.6	14
202603020401	ダ	1700	09:55	10	2026-07-05 09:45	2026-07-05 09:44:31	8	76.7	13
202603020401	ダ	1700	09:55	10	2026-07-05 09:45	2026-07-05 09:44:31	9	52.2	11
202603020401	ダ	1700	09:55	10	2026-07-05 09:45	2026-07-05 09:44:31	10	6.8	4
202603020401	ダ	1700	09:55	10	2026-07-05 09:45	2026-07-05 09:44:31	11	18.2	8
202603020401	ダ	1700	09:55	10	2026-07-05 09:45	2026-07-05 09:44:31	12	46.8	10
202603020401	ダ	1700	09:55	10	2026-07-05 09:45	2026-07-05 09:44:31	13	3.9	1
202603020401	ダ	1700	09:55	10	2026-07-05 09:45	2026-07-05 09:44:31	14	9.3	5
202603020401	ダ	1700	09:55	10	2026-07-05 09:45	2026-07-05 09:44:31	15	5.3	3
202602010801	芝	1200	09:50	2	2026-07-05 09:48	2026-07-05 09:48:01	1	51.6	7
202602010801	芝	1200	09:50	2	2026-07-05 09:48	2026-07-05 09:48:01	2	6.8	3
202602010801	芝	1200	09:50	2	2026-07-05 09:48	2026-07-05 09:48:01	3	20.6	6
202602010801	芝	1200	09:50	2	2026-07-05 09:48	2026-07-05 09:48:01	4	9.1	5
202602010801	芝	1200	09:50	2	2026-07-05 09:48	2026-07-05 09:48:01	5	8.6	4
202602010801	芝	1200	09:50	2	2026-07-05 09:48	2026-07-05 09:48:01	6	1.6	1
202602010801	芝	1200	09:50	2	2026-07-05 09:48	2026-07-05 09:48:01	7	5.8	2
202602010801	芝	1200	09:50	2	2026-07-05 09:48	2026-07-05 09:48:01	8	63.0	9
202602010801	芝	1200	09:50	2	2026-07-05 09:48	2026-07-05 09:48:01	9	52.8	8
202603020401	ダ	1700	09:55	7	2026-07-05 09:48	2026-07-05 09:47:31	1	57.7	12
202603020401	ダ	1700	09:55	7	2026-07-05 09:48	2026-07-05 09:47:31	2	13.6	6
202603020401	ダ	1700	09:55	7	2026-07-05 09:48	2026-07-05 09:47:31	3	17.7	8
202603020401	ダ	1700	09:55	7	2026-07-05 09:48	2026-07-05 09:47:31	4	116.3	15
202603020401	ダ	1700	09:55	7	2026-07-05 09:48	2026-07-05 09:47:31	5	4.5	2
202603020401	ダ	1700	09:55	7	2026-07-05 09:48	2026-07-05 09:47:31	6	23.4	9
202603020401	ダ	1700	09:55	7	2026-07-05 09:48	2026-07-05 09:47:31	7	98.6	14
202603020401	ダ	1700	09:55	7	2026-07-05 09:48	2026-07-05 09:47:31	8	80.6	13
202603020401	ダ	1700	09:55	7	2026-07-05 09:48	2026-07-05 09:47:31	9	52.5	11
202603020401	ダ	1700	09:55	7	2026-07-05 09:48	2026-07-05 09:47:31	10	7.0	4
202603020401	ダ	1700	09:55	7	2026-07-05 09:48	2026-07-05 09:47:31	11	17.6	7
202603020401	ダ	1700	09:55	7	2026-07-05 09:48	2026-07-05 09:47:31	12	47.6	10
202603020401	ダ	1700	09:55	7	2026-07-05 09:48	2026-07-05 09:47:31	13	3.7	1
202603020401	ダ	1700	09:55	7	2026-07-05 09:48	2026-07-05 09:47:31	14	9.3	5
202603020401	ダ	1700	09:55	7	2026-07-05 09:48	2026-07-05 09:47:31	15	4.9	3
202603020401	ダ	1700	09:55	4	2026-07-05 09:51	2026-07-05 09:50:36	1	61.0	12
202603020401	ダ	1700	09:55	4	2026-07-05 09:51	2026-07-05 09:50:36	2	13.6	6
202603020401	ダ	1700	09:55	4	2026-07-05 09:51	2026-07-05 09:50:36	3	17.8	8
202603020401	ダ	1700	09:55	4	2026-07-05 09:51	2026-07-05 09:50:36	4	107.4	15
202603020401	ダ	1700	09:55	4	2026-07-05 09:51	2026-07-05 09:50:36	5	4.5	2
202603020401	ダ	1700	09:55	4	2026-07-05 09:51	2026-07-05 09:50:36	6	24.8	9
202603020401	ダ	1700	09:55	4	2026-07-05 09:51	2026-07-05 09:50:36	7	100.0	14
202603020401	ダ	1700	09:55	4	2026-07-05 09:51	2026-07-05 09:50:36	8	84.7	13
202603020401	ダ	1700	09:55	4	2026-07-05 09:51	2026-07-05 09:50:36	9	52.9	11
202603020401	ダ	1700	09:55	4	2026-07-05 09:51	2026-07-05 09:50:36	10	7.1	4
202603020401	ダ	1700	09:55	4	2026-07-05 09:51	2026-07-05 09:50:36	11	17.1	7
202603020401	ダ	1700	09:55	4	2026-07-05 09:51	2026-07-05 09:50:36	12	49.4	10
202603020401	ダ	1700	09:55	4	2026-07-05 09:51	2026-07-05 09:50:36	13	3.8	1
202603020401	ダ	1700	09:55	4	2026-07-05 09:51	2026-07-05 09:50:36	14	9.2	5
202603020401	ダ	1700	09:55	4	2026-07-05 09:51	2026-07-05 09:50:36	15	4.8	3
202610020401	障	2860	10:05	8	2026-07-05 09:57	2026-07-05 09:56:56	1	56.2	11
202610020401	障	2860	10:05	8	2026-07-05 09:57	2026-07-05 09:56:56	2	7.5	5
202610020401	障	2860	10:05	8	2026-07-05 09:57	2026-07-05 09:56:56	3	6.9	4
202610020401	障	2860	10:05	8	2026-07-05 09:57	2026-07-05 09:56:56	4	3.3	1
202610020401	障	2860	10:05	8	2026-07-05 09:57	2026-07-05 09:56:56	5	13.2	7
202610020401	障	2860	10:05	8	2026-07-05 09:57	2026-07-05 09:56:56	6	38.9	10
202610020401	障	2860	10:05	8	2026-07-05 09:57	2026-07-05 09:56:56	7	34.5	9
202610020401	障	2860	10:05	8	2026-07-05 09:57	2026-07-05 09:56:56	8	5.2	2
202610020401	障	2860	10:05	8	2026-07-05 09:57	2026-07-05 09:56:56	9	81.3	12
202610020401	障	2860	10:05	8	2026-07-05 09:57	2026-07-05 09:56:56	10	17.9	8
202610020401	障	2860	10:05	8	2026-07-05 09:57	2026-07-05 09:56:56	11	9.3	6
202610020401	障	2860	10:05	8	2026-07-05 09:57	2026-07-05 09:56:56	12	6.2	3
202610020401	障	2860	10:05	5	2026-07-05 10:00	2026-07-05 09:59:56	1	61.4	11
202610020401	障	2860	10:05	5	2026-07-05 10:00	2026-07-05 09:59:56	2	7.9	5
202610020401	障	2860	10:05	5	2026-07-05 10:00	2026-07-05 09:59:56	3	7.0	4
202610020401	障	2860	10:05	5	2026-07-05 10:00	2026-07-05 09:59:56	4	3.3	1
202610020401	障	2860	10:05	5	2026-07-05 10:00	2026-07-05 09:59:56	5	13.6	7
202610020401	障	2860	10:05	5	2026-07-05 10:00	2026-07-05 09:59:56	6	42.0	10
202610020401	障	2860	10:05	5	2026-07-05 10:00	2026-07-05 09:59:56	7	36.8	9
202610020401	障	2860	10:05	5	2026-07-05 10:00	2026-07-05 09:59:56	8	5.0	2
202610020401	障	2860	10:05	5	2026-07-05 10:00	2026-07-05 09:59:56	9	90.9	12
202610020401	障	2860	10:05	5	2026-07-05 10:00	2026-07-05 09:59:56	10	18.0	8
202610020401	障	2860	10:05	5	2026-07-05 10:00	2026-07-05 09:59:56	11	9.0	6
202610020401	障	2860	10:05	5	2026-07-05 10:00	2026-07-05 09:59:56	12	5.9	3
202610020401	障	2860	10:05	2	2026-07-05 10:03	2026-07-05 10:02:56	1	78.0	11
202610020401	障	2860	10:05	2	2026-07-05 10:03	2026-07-05 10:02:56	2	8.4	5
202610020401	障	2860	10:05	2	2026-07-05 10:03	2026-07-05 10:02:56	3	6.7	4
202610020401	障	2860	10:05	2	2026-07-05 10:03	2026-07-05 10:02:56	4	3.0	1
202610020401	障	2860	10:05	2	2026-07-05 10:03	2026-07-05 10:02:56	5	14.2	7
202610020401	障	2860	10:05	2	2026-07-05 10:03	2026-07-05 10:02:56	6	51.3	10
202610020401	障	2860	10:05	2	2026-07-05 10:03	2026-07-05 10:02:56	7	42.4	9
202610020401	障	2860	10:05	2	2026-07-05 10:03	2026-07-05 10:02:56	8	5.0	2
202610020401	障	2860	10:05	2	2026-07-05 10:03	2026-07-05 10:02:56	9	123.7	12
202610020401	障	2860	10:05	2	2026-07-05 10:03	2026-07-05 10:02:56	10	19.3	8
202610020401	障	2860	10:05	2	2026-07-05 10:03	2026-07-05 10:02:56	11	9.2	6
202610020401	障	2860	10:05	2	2026-07-05 10:03	2026-07-05 10:02:56	12	5.8	3
202602010802	ダ	1000	10:20	8	2026-07-05 10:12	2026-07-05 10:11:31	1	8.2	4
202602010802	ダ	1000	10:20	8	2026-07-05 10:12	2026-07-05 10:11:31	2	49.9	9
202602010802	ダ	1000	10:20	8	2026-07-05 10:12	2026-07-05 10:11:31	3	5.1	2
202602010802	ダ	1000	10:20	8	2026-07-05 10:12	2026-07-05 10:11:31	4	38.8	8
202602010802	ダ	1000	10:20	8	2026-07-05 10:12	2026-07-05 10:11:31	5	37.9	7
202602010802	ダ	1000	10:20	8	2026-07-05 10:12	2026-07-05 10:11:31	6	55.6	10
202602010802	ダ	1000	10:20	8	2026-07-05 10:12	2026-07-05 10:11:31	7	6.8	3
202602010802	ダ	1000	10:20	8	2026-07-05 10:12	2026-07-05 10:11:31	8	90.5	12
202602010802	ダ	1000	10:20	8	2026-07-05 10:12	2026-07-05 10:11:31	9	21.6	6
202602010802	ダ	1000	10:20	8	2026-07-05 10:12	2026-07-05 10:11:31	10	1.9	1
202602010802	ダ	1000	10:20	8	2026-07-05 10:12	2026-07-05 10:11:31	11	56.3	11
202602010802	ダ	1000	10:20	8	2026-07-05 10:12	2026-07-05 10:11:31	12	8.2	5
202602010802	ダ	1000	10:20	5	2026-07-05 10:15	2026-07-05 10:14:31	1	8.7	4
202602010802	ダ	1000	10:20	5	2026-07-05 10:15	2026-07-05 10:14:31	2	55.1	9
202602010802	ダ	1000	10:20	5	2026-07-05 10:15	2026-07-05 10:14:31	3	4.8	2
202602010802	ダ	1000	10:20	5	2026-07-05 10:15	2026-07-05 10:14:31	4	45.1	8
202602010802	ダ	1000	10:20	5	2026-07-05 10:15	2026-07-05 10:14:31	5	42.1	7
202602010802	ダ	1000	10:20	5	2026-07-05 10:15	2026-07-05 10:14:31	6	68.0	10
202602010802	ダ	1000	10:20	5	2026-07-05 10:15	2026-07-05 10:14:31	7	6.4	3
202602010802	ダ	1000	10:20	5	2026-07-05 10:15	2026-07-05 10:14:31	8	123.6	12
202602010802	ダ	1000	10:20	5	2026-07-05 10:15	2026-07-05 10:14:31	9	25.2	6
202602010802	ダ	1000	10:20	5	2026-07-05 10:15	2026-07-05 10:14:31	10	1.9	1
202602010802	ダ	1000	10:20	5	2026-07-05 10:15	2026-07-05 10:14:31	11	69.4	11
202602010802	ダ	1000	10:20	5	2026-07-05 10:15	2026-07-05 10:14:31	12	9.0	5
202602010802	ダ	1000	10:20	2	2026-07-05 10:18	2026-07-05 10:17:31	1	9.4	5
202602010802	ダ	1000	10:20	2	2026-07-05 10:18	2026-07-05 10:17:31	2	55.4	9
202602010802	ダ	1000	10:20	2	2026-07-05 10:18	2026-07-05 10:17:31	3	4.6	2
202602010802	ダ	1000	10:20	2	2026-07-05 10:18	2026-07-05 10:17:31	4	47.5	8
202602010802	ダ	1000	10:20	2	2026-07-05 10:18	2026-07-05 10:17:31	5	42.6	7
202602010802	ダ	1000	10:20	2	2026-07-05 10:18	2026-07-05 10:17:31	6	55.9	10
202602010802	ダ	1000	10:20	2	2026-07-05 10:18	2026-07-05 10:17:31	7	6.0	3
202602010802	ダ	1000	10:20	2	2026-07-05 10:18	2026-07-05 10:17:31	8	130.7	12
202602010802	ダ	1000	10:20	2	2026-07-05 10:18	2026-07-05 10:17:31	9	27.5	6
202602010802	ダ	1000	10:20	2	2026-07-05 10:18	2026-07-05 10:17:31	10	1.9	1
202602010802	ダ	1000	10:20	2	2026-07-05 10:18	2026-07-05 10:17:31	11	73.6	11
202602010802	ダ	1000	10:20	2	2026-07-05 10:18	2026-07-05 10:17:31	12	9.2	4
202603020402	芝	1200	10:30	9	2026-07-05 10:21	2026-07-05 10:20:56	1	19.0	9
202603020402	芝	1200	10:30	9	2026-07-05 10:21	2026-07-05 10:20:56	2	13.5	4
202603020402	芝	1200	10:30	9	2026-07-05 10:21	2026-07-05 10:20:56	3	13.7	6
202603020402	芝	1200	10:30	9	2026-07-05 10:21	2026-07-05 10:20:56	4	13.5	5
202603020402	芝	1200	10:30	9	2026-07-05 10:21	2026-07-05 10:20:56	5	42.4	12
202603020402	芝	1200	10:30	9	2026-07-05 10:21	2026-07-05 10:20:56	6	45.2	13
202603020402	芝	1200	10:30	9	2026-07-05 10:21	2026-07-05 10:20:56	7	14.4	8
202603020402	芝	1200	10:30	9	2026-07-05 10:21	2026-07-05 10:20:56	8	7.6	3
202603020402	芝	1200	10:30	9	2026-07-05 10:21	2026-07-05 10:20:56	9	3.1	1
202603020402	芝	1200	10:30	9	2026-07-05 10:21	2026-07-05 10:20:56	10	36.0	11
202603020402	芝	1200	10:30	9	2026-07-05 10:21	2026-07-05 10:20:56	11	3.8	2
202603020402	芝	1200	10:30	9	2026-07-05 10:21	2026-07-05 10:20:56	12	33.0	10
202603020402	芝	1200	10:30	9	2026-07-05 10:21	2026-07-05 10:20:56	13	58.2	14
202603020402	芝	1200	10:30	9	2026-07-05 10:21	2026-07-05 10:20:56	14	13.7	7
202603020402	芝	1200	10:30	9	2026-07-05 10:21	2026-07-05 10:20:56	15	129.3	15
202603020402	芝	1200	10:30	9	2026-07-05 10:21	2026-07-05 10:20:56	16	999.9	16
202603020402	芝	1200	10:30	6	2026-07-05 10:24	2026-07-05 10:23:56	1	21.3	9
202603020402	芝	1200	10:30	6	2026-07-05 10:24	2026-07-05 10:23:56	2	13.0	4
202603020402	芝	1200	10:30	6	2026-07-05 10:24	2026-07-05 10:23:56	3	15.1	8
202603020402	芝	1200	10:30	6	2026-07-05 10:24	2026-07-05 10:23:56	4	13.6	5
202603020402	芝	1200	10:30	6	2026-07-05 10:24	2026-07-05 10:23:56	5	40.3	11
202603020402	芝	1200	10:30	6	2026-07-05 10:24	2026-07-05 10:23:56	6	51.5	13
202603020402	芝	1200	10:30	6	2026-07-05 10:24	2026-07-05 10:23:56	7	14.4	7
202603020402	芝	1200	10:30	6	2026-07-05 10:24	2026-07-05 10:23:56	8	7.5	3
202603020402	芝	1200	10:30	6	2026-07-05 10:24	2026-07-05 10:23:56	9	3.1	1
202603020402	芝	1200	10:30	6	2026-07-05 10:24	2026-07-05 10:23:56	10	41.0	12
202603020402	芝	1200	10:30	6	2026-07-05 10:24	2026-07-05 10:23:56	11	3.6	2
202603020402	芝	1200	10:30	6	2026-07-05 10:24	2026-07-05 10:23:56	12	35.4	10
202603020402	芝	1200	10:30	6	2026-07-05 10:24	2026-07-05 10:23:56	13	61.6	14
202603020402	芝	1200	10:30	6	2026-07-05 10:24	2026-07-05 10:23:56	14	14.1	6
202603020402	芝	1200	10:30	6	2026-07-05 10:24	2026-07-05 10:23:56	15	139.7	15
202603020402	芝	1200	10:30	6	2026-07-05 10:24	2026-07-05 10:23:56	16	999.9	16
202603020402	芝	1200	10:30	3	2026-07-05 10:27	2026-07-05 10:26:56	1	25.1	9
202603020402	芝	1200	10:30	3	2026-07-05 10:27	2026-07-05 10:26:56	2	13.2	6
202603020402	芝	1200	10:30	3	2026-07-05 10:27	2026-07-05 10:26:56	3	13.7	7
202603020402	芝	1200	10:30	3	2026-07-05 10:27	2026-07-05 10:26:56	4	12.4	4
202603020402	芝	1200	10:30	3	2026-07-05 10:27	2026-07-05 10:26:56	5	48.7	11
202603020402	芝	1200	10:30	3	2026-07-05 10:27	2026-07-05 10:26:56	6	63.3	13
202603020402	芝	1200	10:30	3	2026-07-05 10:27	2026-07-05 10:26:56	7	14.5	8
202603020402	芝	1200	10:30	3	2026-07-05 10:27	2026-07-05 10:26:56	8	7.2	3
202603020402	芝	1200	10:30	3	2026-07-05 10:27	2026-07-05 10:26:56	9	3.4	2
202603020402	芝	1200	10:30	3	2026-07-05 10:27	2026-07-05 10:26:56	10	49.5	12
202603020402	芝	1200	10:30	3	2026-07-05 10:27	2026-07-05 10:26:56	11	3.2	1
202603020402	芝	1200	10:30	3	2026-07-05 10:27	2026-07-05 10:26:56	12	37.4	10
202603020402	芝	1200	10:30	3	2026-07-05 10:27	2026-07-05 10:26:56	13	72.1	14
202603020402	芝	1200	10:30	3	2026-07-05 10:27	2026-07-05 10:26:56	14	13.1	5
202603020402	芝	1200	10:30	3	2026-07-05 10:27	2026-07-05 10:26:56	15	175.6	15
202603020402	芝	1200	10:30	3	2026-07-05 10:27	2026-07-05 10:26:56	16	999.9	16
202610020402	芝	1200	10:40	10	2026-07-05 10:30	2026-07-05 10:29:26	1	9.5	3
202610020402	芝	1200	10:40	10	2026-07-05 10:30	2026-07-05 10:29:26	2	5.8	2
202610020402	芝	1200	10:40	10	2026-07-05 10:30	2026-07-05 10:29:26	3	25.7	9
202610020402	芝	1200	10:40	10	2026-07-05 10:30	2026-07-05 10:29:26	4	68.2	10
202610020402	芝	1200	10:40	10	2026-07-05 10:30	2026-07-05 10:29:26	5	16.9	7
202610020402	芝	1200	10:40	10	2026-07-05 10:30	2026-07-05 10:29:26	6	91.1	12
202610020402	芝	1200	10:40	10	2026-07-05 10:30	2026-07-05 10:29:26	7	14.5	6
202610020402	芝	1200	10:40	10	2026-07-05 10:30	2026-07-05 10:29:26	8	19.7	8
202610020402	芝	1200	10:40	10	2026-07-05 10:30	2026-07-05 10:29:26	9	13.2	4
202610020402	芝	1200	10:40	10	2026-07-05 10:30	2026-07-05 10:29:26	10	1.8	1
202610020402	芝	1200	10:40	10	2026-07-05 10:30	2026-07-05 10:29:26	11	136.8	16
202610020402	芝	1200	10:40	10	2026-07-05 10:30	2026-07-05 10:29:26	12	94.4	14
202610020402	芝	1200	10:40	10	2026-07-05 10:30	2026-07-05 10:29:26	13	88.6	11
202610020402	芝	1200	10:40	10	2026-07-05 10:30	2026-07-05 10:29:26	14	93.8	13
202610020402	芝	1200	10:40	10	2026-07-05 10:30	2026-07-05 10:29:26	15	109.7	15
202610020402	芝	1200	10:40	10	2026-07-05 10:30	2026-07-05 10:29:26	16	13.4	5
202610020402	芝	1200	10:40	7	2026-07-05 10:33	2026-07-05 10:32:31	1	10.6	3
202610020402	芝	1200	10:40	7	2026-07-05 10:33	2026-07-05 10:32:31	2	6.4	2
202610020402	芝	1200	10:40	7	2026-07-05 10:33	2026-07-05 10:32:31	3	28.1	9
202610020402	芝	1200	10:40	7	2026-07-05 10:33	2026-07-05 10:32:31	4	80.2	10
202610020402	芝	1200	10:40	7	2026-07-05 10:33	2026-07-05 10:32:31	5	17.7	7
202610020402	芝	1200	10:40	7	2026-07-05 10:33	2026-07-05 10:32:31	6	101.0	12
202610020402	芝	1200	10:40	7	2026-07-05 10:33	2026-07-05 10:32:31	7	15.1	5
202610020402	芝	1200	10:40	7	2026-07-05 10:33	2026-07-05 10:32:31	8	20.6	8
202610020402	芝	1200	10:40	7	2026-07-05 10:33	2026-07-05 10:32:31	9	13.0	4
202610020402	芝	1200	10:40	7	2026-07-05 10:33	2026-07-05 10:32:31	10	1.7	1
202610020402	芝	1200	10:40	7	2026-07-05 10:33	2026-07-05 10:32:31	11	161.5	16
202610020402	芝	1200	10:40	7	2026-07-05 10:33	2026-07-05 10:32:31	12	109.6	14
202610020402	芝	1200	10:40	7	2026-07-05 10:33	2026-07-05 10:32:31	13	104.0	13
202610020402	芝	1200	10:40	7	2026-07-05 10:33	2026-07-05 10:32:31	14	98.8	11
202610020402	芝	1200	10:40	7	2026-07-05 10:33	2026-07-05 10:32:31	15	125.9	15
202610020402	芝	1200	10:40	7	2026-07-05 10:33	2026-07-05 10:32:31	16	15.3	6
202610020402	芝	1200	10:40	4	2026-07-05 10:36	2026-07-05 10:35:31	1	10.4	3
202610020402	芝	1200	10:40	4	2026-07-05 10:36	2026-07-05 10:35:31	2	6.0	2
202610020402	芝	1200	10:40	4	2026-07-05 10:36	2026-07-05 10:35:31	3	32.2	9
202610020402	芝	1200	10:40	4	2026-07-05 10:36	2026-07-05 10:35:31	4	93.9	10
202610020402	芝	1200	10:40	4	2026-07-05 10:36	2026-07-05 10:35:31	5	18.7	7
202610020402	芝	1200	10:40	4	2026-07-05 10:36	2026-07-05 10:35:31	6	111.6	11
202610020402	芝	1200	10:40	4	2026-07-05 10:36	2026-07-05 10:35:31	7	14.7	5
202610020402	芝	1200	10:40	4	2026-07-05 10:36	2026-07-05 10:35:31	8	24.2	8
202610020402	芝	1200	10:40	4	2026-07-05 10:36	2026-07-05 10:35:31	9	12.6	4
202610020402	芝	1200	10:40	4	2026-07-05 10:36	2026-07-05 10:35:31	10	1.6	1
202610020402	芝	1200	10:40	4	2026-07-05 10:36	2026-07-05 10:35:31	11	208.5	16
202610020402	芝	1200	10:40	4	2026-07-05 10:36	2026-07-05 10:35:31	12	135.5	14
202610020402	芝	1200	10:40	4	2026-07-05 10:36	2026-07-05 10:35:31	13	116.1	12
202610020402	芝	1200	10:40	4	2026-07-05 10:36	2026-07-05 10:35:31	14	117.1	13
202610020402	芝	1200	10:40	4	2026-07-05 10:36	2026-07-05 10:35:31	15	156.5	15
202610020402	芝	1200	10:40	4	2026-07-05 10:36	2026-07-05 10:35:31	16	17.5	6
202602010803	ダ	1700	10:50	8	2026-07-05 10:42	2026-07-05 10:41:51	1	4.4	2
202602010803	ダ	1700	10:50	8	2026-07-05 10:42	2026-07-05 10:41:51	2	9.7	4
202602010803	ダ	1700	10:50	8	2026-07-05 10:42	2026-07-05 10:41:51	3	96.1	14
202602010803	ダ	1700	10:50	8	2026-07-05 10:42	2026-07-05 10:41:51	4	63.6	12
202602010803	ダ	1700	10:50	8	2026-07-05 10:42	2026-07-05 10:41:51	5	51.7	9
202602010803	ダ	1700	10:50	8	2026-07-05 10:42	2026-07-05 10:41:51	6	26.4	7
202602010803	ダ	1700	10:50	8	2026-07-05 10:42	2026-07-05 10:41:51	7	69.5	13
202602010803	ダ	1700	10:50	8	2026-07-05 10:42	2026-07-05 10:41:51	8	19.6	6
202602010803	ダ	1700	10:50	8	2026-07-05 10:42	2026-07-05 10:41:51	9	16.6	5
202602010803	ダ	1700	10:50	8	2026-07-05 10:42	2026-07-05 10:41:51	10	56.6	10
202602010803	ダ	1700	10:50	8	2026-07-05 10:42	2026-07-05 10:41:51	11	29.1	8
202602010803	ダ	1700	10:50	8	2026-07-05 10:42	2026-07-05 10:41:51	12	8.5	3
202602010803	ダ	1700	10:50	8	2026-07-05 10:42	2026-07-05 10:41:51	13	1.8	1
202602010803	ダ	1700	10:50	8	2026-07-05 10:42	2026-07-05 10:41:51	14	60.9	11
202602010803	ダ	1700	10:50	5	2026-07-05 10:45	2026-07-05 10:44:51	1	4.2	2
202602010803	ダ	1700	10:50	5	2026-07-05 10:45	2026-07-05 10:44:51	2	8.5	4
202602010803	ダ	1700	10:50	5	2026-07-05 10:45	2026-07-05 10:44:51	3	102.6	14
202602010803	ダ	1700	10:50	5	2026-07-05 10:45	2026-07-05 10:44:51	4	72.0	11
202602010803	ダ	1700	10:50	5	2026-07-05 10:45	2026-07-05 10:44:51	5	57.9	9
202602010803	ダ	1700	10:50	5	2026-07-05 10:45	2026-07-05 10:44:51	6	26.5	7
202602010803	ダ	1700	10:50	5	2026-07-05 10:45	2026-07-05 10:44:51	7	75.4	13
202602010803	ダ	1700	10:50	5	2026-07-05 10:45	2026-07-05 10:44:51	8	20.4	6
202602010803	ダ	1700	10:50	5	2026-07-05 10:45	2026-07-05 10:44:51	9	16.4	5
202602010803	ダ	1700	10:50	5	2026-07-05 10:45	2026-07-05 10:44:51	10	61.5	10
202602010803	ダ	1700	10:50	5	2026-07-05 10:45	2026-07-05 10:44:51	11	31.7	8
202602010803	ダ	1700	10:50	5	2026-07-05 10:45	2026-07-05 10:44:51	12	8.3	3
202602010803	ダ	1700	10:50	5	2026-07-05 10:45	2026-07-05 10:44:51	13	1.9	1
202602010803	ダ	1700	10:50	5	2026-07-05 10:45	2026-07-05 10:44:51	14	72.1	12
202602010803	ダ	1700	10:50	2	2026-07-05 10:48	2026-07-05 10:47:51	1	3.5	2
202602010803	ダ	1700	10:50	2	2026-07-05 10:48	2026-07-05 10:47:51	2	8.7	4
202602010803	ダ	1700	10:50	2	2026-07-05 10:48	2026-07-05 10:47:51	3	144.1	14
202602010803	ダ	1700	10:50	2	2026-07-05 10:48	2026-07-05 10:47:51	4	89.6	12
202602010803	ダ	1700	10:50	2	2026-07-05 10:48	2026-07-05 10:47:51	5	88.4	11
202602010803	ダ	1700	10:50	2	2026-07-05 10:48	2026-07-05 10:47:51	6	24.9	7
202602010803	ダ	1700	10:50	2	2026-07-05 10:48	2026-07-05 10:47:51	7	77.8	10
202602010803	ダ	1700	10:50	2	2026-07-05 10:48	2026-07-05 10:47:51	8	17.4	6
202602010803	ダ	1700	10:50	2	2026-07-05 10:48	2026-07-05 10:47:51	9	15.9	5
202602010803	ダ	1700	10:50	2	2026-07-05 10:48	2026-07-05 10:47:51	10	76.4	9
202602010803	ダ	1700	10:50	2	2026-07-05 10:48	2026-07-05 10:47:51	11	39.4	8
202602010803	ダ	1700	10:50	2	2026-07-05 10:48	2026-07-05 10:47:51	12	6.9	3
202602010803	ダ	1700	10:50	2	2026-07-05 10:48	2026-07-05 10:47:51	13	2.1	1
202602010803	ダ	1700	10:50	2	2026-07-05 10:48	2026-07-05 10:47:51	14	101.1	13
202603020403	芝	1800	11:00	9	2026-07-05 10:51	2026-07-05 10:51:11	1	17.2	7
202603020403	芝	1800	11:00	9	2026-07-05 10:51	2026-07-05 10:51:11	2	50.0	11
202603020403	芝	1800	11:00	9	2026-07-05 10:51	2026-07-05 10:51:11	3	9.6	5
202603020403	芝	1800	11:00	9	2026-07-05 10:51	2026-07-05 10:51:11	4	9.1	4
202603020403	芝	1800	11:00	9	2026-07-05 10:51	2026-07-05 10:51:11	5	4.4	3
202603020403	芝	1800	11:00	9	2026-07-05 10:51	2026-07-05 10:51:11	6	90.9	13
202603020403	芝	1800	11:00	9	2026-07-05 10:51	2026-07-05 10:51:11	7	35.9	10
202603020403	芝	1800	11:00	9	2026-07-05 10:51	2026-07-05 10:51:11	8	20.7	8
202603020403	芝	1800	11:00	9	2026-07-05 10:51	2026-07-05 10:51:11	9	75.4	12
202603020403	芝	1800	11:00	9	2026-07-05 10:51	2026-07-05 10:51:11	10	26.4	9
202603020403	芝	1800	11:00	9	2026-07-05 10:51	2026-07-05 10:51:11	11	3.9	2
202603020403	芝	1800	11:00	9	2026-07-05 10:51	2026-07-05 10:51:11	12	108.8	16
202603020403	芝	1800	11:00	9	2026-07-05 10:51	2026-07-05 10:51:11	13	100.7	14
202603020403	芝	1800	11:00	9	2026-07-05 10:51	2026-07-05 10:51:11	14	3.8	1
202603020403	芝	1800	11:00	9	2026-07-05 10:51	2026-07-05 10:51:11	15	102.6	15
202603020403	芝	1800	11:00	9	2026-07-05 10:51	2026-07-05 10:51:11	16	16.6	6
202603020403	芝	1800	11:00	6	2026-07-05 10:54	2026-07-05 10:54:11	1	17.5	7
202603020403	芝	1800	11:00	6	2026-07-05 10:54	2026-07-05 10:54:11	2	54.4	11
202603020403	芝	1800	11:00	6	2026-07-05 10:54	2026-07-05 10:54:11	3	10.1	5
202603020403	芝	1800	11:00	6	2026-07-05 10:54	2026-07-05 10:54:11	4	8.5	4
202603020403	芝	1800	11:00	6	2026-07-05 10:54	2026-07-05 10:54:11	5	4.6	3
202603020403	芝	1800	11:00	6	2026-07-05 10:54	2026-07-05 10:54:11	6	91.3	13
202603020403	芝	1800	11:00	6	2026-07-05 10:54	2026-07-05 10:54:11	7	38.6	10
202603020403	芝	1800	11:00	6	2026-07-05 10:54	2026-07-05 10:54:11	8	20.8	8
202603020403	芝	1800	11:00	6	2026-07-05 10:54	2026-07-05 10:54:11	9	83.4	12
202603020403	芝	1800	11:00	6	2026-07-05 10:54	2026-07-05 10:54:11	10	25.7	9
202603020403	芝	1800	11:00	6	2026-07-05 10:54	2026-07-05 10:54:11	11	3.9	2
202603020403	芝	1800	11:00	6	2026-07-05 10:54	2026-07-05 10:54:11	12	104.5	14
202603020403	芝	1800	11:00	6	2026-07-05 10:54	2026-07-05 10:54:11	13	113.8	15
202603020403	芝	1800	11:00	6	2026-07-05 10:54	2026-07-05 10:54:11	14	3.7	1
202603020403	芝	1800	11:00	6	2026-07-05 10:54	2026-07-05 10:54:11	15	116.8	16
202603020403	芝	1800	11:00	6	2026-07-05 10:54	2026-07-05 10:54:11	16	16.5	6
202603020403	芝	1800	11:00	3	2026-07-05 10:57	2026-07-05 10:57:11	1	17.8	6
202603020403	芝	1800	11:00	3	2026-07-05 10:57	2026-07-05 10:57:11	2	80.3	11
202603020403	芝	1800	11:00	3	2026-07-05 10:57	2026-07-05 10:57:11	3	10.7	5
202603020403	芝	1800	11:00	3	2026-07-05 10:57	2026-07-05 10:57:11	4	8.8	4
202603020403	芝	1800	11:00	3	2026-07-05 10:57	2026-07-05 10:57:11	5	4.4	3
202603020403	芝	1800	11:00	3	2026-07-05 10:57	2026-07-05 10:57:11	6	111.2	12
202603020403	芝	1800	11:00	3	2026-07-05 10:57	2026-07-05 10:57:11	7	42.8	10
202603020403	芝	1800	11:00	3	2026-07-05 10:57	2026-07-05 10:57:11	8	22.0	8
202603020403	芝	1800	11:00	3	2026-07-05 10:57	2026-07-05 10:57:11	9	115.3	13
202603020403	芝	1800	11:00	3	2026-07-05 10:57	2026-07-05 10:57:11	10	27.0	9
202603020403	芝	1800	11:00	3	2026-07-05 10:57	2026-07-05 10:57:11	11	4.1	2
202603020403	芝	1800	11:00	3	2026-07-05 10:57	2026-07-05 10:57:11	12	152.8	14
202603020403	芝	1800	11:00	3	2026-07-05 10:57	2026-07-05 10:57:11	13	172.5	16
202603020403	芝	1800	11:00	3	2026-07-05 10:57	2026-07-05 10:57:11	14	3.1	1
202603020403	芝	1800	11:00	3	2026-07-05 10:57	2026-07-05 10:57:11	15	155.7	15
202603020403	芝	1800	11:00	3	2026-07-05 10:57	2026-07-05 10:57:11	16	19.2	7
202610020403	芝	2000	11:10	10	2026-07-05 11:00	2026-07-05 10:59:41	1	33.6	10
202610020403	芝	2000	11:10	10	2026-07-05 11:00	2026-07-05 10:59:41	2	50.7	13
202610020403	芝	2000	11:10	10	2026-07-05 11:00	2026-07-05 10:59:41	3	16.8	7
202610020403	芝	2000	11:10	10	2026-07-05 11:00	2026-07-05 10:59:41	4	5.5	3
202610020403	芝	2000	11:10	10	2026-07-05 11:00	2026-07-05 10:59:41	5	24.2	8
202610020403	芝	2000	11:10	10	2026-07-05 11:00	2026-07-05 10:59:41	6	48.3	12
202610020403	芝	2000	11:10	10	2026-07-05 11:00	2026-07-05 10:59:41	7	11.9	5
202610020403	芝	2000	11:10	10	2026-07-05 11:00	2026-07-05 10:59:41	8	73.0	14
202610020403	芝	2000	11:10	10	2026-07-05 11:00	2026-07-05 10:59:41	9	90.6	17
202610020403	芝	2000	11:10	10	2026-07-05 11:00	2026-07-05 10:59:41	10	16.4	6
202610020403	芝	2000	11:10	10	2026-07-05 11:00	2026-07-05 10:59:41	11	8.2	4
202610020403	芝	2000	11:10	10	2026-07-05 11:00	2026-07-05 10:59:41	12	99.8	18
202610020403	芝	2000	11:10	10	2026-07-05 11:00	2026-07-05 10:59:41	13	75.9	16
202610020403	芝	2000	11:10	10	2026-07-05 11:00	2026-07-05 10:59:41	14	73.1	15
202610020403	芝	2000	11:10	10	2026-07-05 11:00	2026-07-05 10:59:41	15	30.5	9
202610020403	芝	2000	11:10	10	2026-07-05 11:00	2026-07-05 10:59:41	16	3.2	1
202610020403	芝	2000	11:10	10	2026-07-05 11:00	2026-07-05 10:59:41	17	4.7	2
202610020403	芝	2000	11:10	10	2026-07-05 11:00	2026-07-05 10:59:41	18	41.0	11
202610020403	芝	2000	11:10	7	2026-07-05 11:03	2026-07-05 11:02:46	1	38.4	10
202610020403	芝	2000	11:10	7	2026-07-05 11:03	2026-07-05 11:02:46	2	57.1	13
202610020403	芝	2000	11:10	7	2026-07-05 11:03	2026-07-05 11:02:46	3	16.5	6
202610020403	芝	2000	11:10	7	2026-07-05 11:03	2026-07-05 11:02:46	4	5.3	3
202610020403	芝	2000	11:10	7	2026-07-05 11:03	2026-07-05 11:02:46	5	26.5	8
202610020403	芝	2000	11:10	7	2026-07-05 11:03	2026-07-05 11:02:46	6	47.5	12
202610020403	芝	2000	11:10	7	2026-07-05 11:03	2026-07-05 11:02:46	7	11.2	5
202610020403	芝	2000	11:10	7	2026-07-05 11:03	2026-07-05 11:02:46	8	74.9	14
202610020403	芝	2000	11:10	7	2026-07-05 11:03	2026-07-05 11:02:46	9	98.7	17
202610020403	芝	2000	11:10	7	2026-07-05 11:03	2026-07-05 11:02:46	10	17.8	7
202610020403	芝	2000	11:10	7	2026-07-05 11:03	2026-07-05 11:02:46	11	7.7	4
202610020403	芝	2000	11:10	7	2026-07-05 11:03	2026-07-05 11:02:46	12	105.7	18
202610020403	芝	2000	11:10	7	2026-07-05 11:03	2026-07-05 11:02:46	13	83.1	16
202610020403	芝	2000	11:10	7	2026-07-05 11:03	2026-07-05 11:02:46	14	79.3	15
202610020403	芝	2000	11:10	7	2026-07-05 11:03	2026-07-05 11:02:46	15	33.6	9
202610020403	芝	2000	11:10	7	2026-07-05 11:03	2026-07-05 11:02:46	16	3.3	1
202610020403	芝	2000	11:10	7	2026-07-05 11:03	2026-07-05 11:02:46	17	4.6	2
202610020403	芝	2000	11:10	7	2026-07-05 11:03	2026-07-05 11:02:46	18	43.8	11
202610020403	芝	2000	11:10	4	2026-07-05 11:06	2026-07-05 11:05:46	1	46.2	10
202610020403	芝	2000	11:10	4	2026-07-05 11:06	2026-07-05 11:05:46	2	62.4	13
202610020403	芝	2000	11:10	4	2026-07-05 11:06	2026-07-05 11:05:46	3	16.9	6
202610020403	芝	2000	11:10	4	2026-07-05 11:06	2026-07-05 11:05:46	4	5.0	3
202610020403	芝	2000	11:10	4	2026-07-05 11:06	2026-07-05 11:05:46	5	31.2	8
202610020403	芝	2000	11:10	4	2026-07-05 11:06	2026-07-05 11:05:46	6	52.8	12
202610020403	芝	2000	11:10	4	2026-07-05 11:06	2026-07-05 11:05:46	7	11.7	5
202610020403	芝	2000	11:10	4	2026-07-05 11:06	2026-07-05 11:05:46	8	81.2	14
202610020403	芝	2000	11:10	4	2026-07-05 11:06	2026-07-05 11:05:46	9	112.4	17
202610020403	芝	2000	11:10	4	2026-07-05 11:06	2026-07-05 11:05:46	10	19.3	7
202610020403	芝	2000	11:10	4	2026-07-05 11:06	2026-07-05 11:05:46	11	7.7	4
202610020403	芝	2000	11:10	4	2026-07-05 11:06	2026-07-05 11:05:46	12	115.6	18
202610020403	芝	2000	11:10	4	2026-07-05 11:06	2026-07-05 11:05:46	13	94.6	16
202610020403	芝	2000	11:10	4	2026-07-05 11:06	2026-07-05 11:05:46	14	88.9	15
202610020403	芝	2000	11:10	4	2026-07-05 11:06	2026-07-05 11:05:46	15	39.7	9
202610020403	芝	2000	11:10	4	2026-07-05 11:06	2026-07-05 11:05:46	16	3.2	1
202610020403	芝	2000	11:10	4	2026-07-05 11:06	2026-07-05 11:05:46	17	4.3	2
202610020403	芝	2000	11:10	4	2026-07-05 11:06	2026-07-05 11:05:46	18	50.3	11
202602010804	芝	1200	11:20	8	2026-07-05 11:12	2026-07-05 11:12:06	1	62.9	11
202602010804	芝	1200	11:20	8	2026-07-05 11:12	2026-07-05 11:12:06	2	12.1	6
202602010804	芝	1200	11:20	8	2026-07-05 11:12	2026-07-05 11:12:06	3	81.6	12
202602010804	芝	1200	11:20	8	2026-07-05 11:12	2026-07-05 11:12:06	4	175.0	16
202602010804	芝	1200	11:20	8	2026-07-05 11:12	2026-07-05 11:12:06	5	8.9	5
202602010804	芝	1200	11:20	8	2026-07-05 11:12	2026-07-05 11:12:06	6	6.1	3
202602010804	芝	1200	11:20	8	2026-07-05 11:12	2026-07-05 11:12:06	7	14.6	7
202602010804	芝	1200	11:20	8	2026-07-05 11:12	2026-07-05 11:12:06	8	168.0	15
202602010804	芝	1200	11:20	8	2026-07-05 11:12	2026-07-05 11:12:06	9	22.5	10
202602010804	芝	1200	11:20	8	2026-07-05 11:12	2026-07-05 11:12:06	10	3.9	1
202602010804	芝	1200	11:20	8	2026-07-05 11:12	2026-07-05 11:12:06	11	118.9	14
202602010804	芝	1200	11:20	8	2026-07-05 11:12	2026-07-05 11:12:06	12	4.6	2
202602010804	芝	1200	11:20	8	2026-07-05 11:12	2026-07-05 11:12:06	13	16.5	8
202602010804	芝	1200	11:20	8	2026-07-05 11:12	2026-07-05 11:12:06	14	89.0	13
202602010804	芝	1200	11:20	8	2026-07-05 11:12	2026-07-05 11:12:06	15	19.6	9
202602010804	芝	1200	11:20	8	2026-07-05 11:12	2026-07-05 11:12:06	16	7.1	4
202602010804	芝	1200	11:20	5	2026-07-05 11:15	2026-07-05 11:15:06	1	62.4	11
202602010804	芝	1200	11:20	5	2026-07-05 11:15	2026-07-05 11:15:06	2	11.6	6
202602010804	芝	1200	11:20	5	2026-07-05 11:15	2026-07-05 11:15:06	3	92.3	12
202602010804	芝	1200	11:20	5	2026-07-05 11:15	2026-07-05 11:15:06	4	199.9	16
202602010804	芝	1200	11:20	5	2026-07-05 11:15	2026-07-05 11:15:06	5	9.1	5
202602010804	芝	1200	11:20	5	2026-07-05 11:15	2026-07-05 11:15:06	6	6.1	3
202602010804	芝	1200	11:20	5	2026-07-05 11:15	2026-07-05 11:15:06	7	14.5	7
202602010804	芝	1200	11:20	5	2026-07-05 11:15	2026-07-05 11:15:06	8	183.5	15
202602010804	芝	1200	11:20	5	2026-07-05 11:15	2026-07-05 11:15:06	9	24.2	10
202602010804	芝	1200	11:20	5	2026-07-05 11:15	2026-07-05 11:15:06	10	3.7	1
202602010804	芝	1200	11:20	5	2026-07-05 11:15	2026-07-05 11:15:06	11	134.7	14
202602010804	芝	1200	11:20	5	2026-07-05 11:15	2026-07-05 11:15:06	12	4.7	2
202602010804	芝	1200	11:20	5	2026-07-05 11:15	2026-07-05 11:15:06	13	15.9	8
202602010804	芝	1200	11:20	5	2026-07-05 11:15	2026-07-05 11:15:06	14	92.6	13
202602010804	芝	1200	11:20	5	2026-07-05 11:15	2026-07-05 11:15:06	15	19.9	9
202602010804	芝	1200	11:20	5	2026-07-05 11:15	2026-07-05 11:15:06	16	7.1	4
202602010804	芝	1200	11:20	2	2026-07-05 11:18	2026-07-05 11:18:06	1	73.8	11
202602010804	芝	1200	11:20	2	2026-07-05 11:18	2026-07-05 11:18:06	2	10.8	6
202602010804	芝	1200	11:20	2	2026-07-05 11:18	2026-07-05 11:18:06	3	125.2	13
202602010804	芝	1200	11:20	2	2026-07-05 11:18	2026-07-05 11:18:06	4	269.7	16
202602010804	芝	1200	11:20	2	2026-07-05 11:18	2026-07-05 11:18:06	5	7.8	5
202602010804	芝	1200	11:20	2	2026-07-05 11:18	2026-07-05 11:18:06	6	6.3	3
202602010804	芝	1200	11:20	2	2026-07-05 11:18	2026-07-05 11:18:06	7	15.1	7
202602010804	芝	1200	11:20	2	2026-07-05 11:18	2026-07-05 11:18:06	8	240.4	15
202602010804	芝	1200	11:20	2	2026-07-05 11:18	2026-07-05 11:18:06	9	25.6	10
202602010804	芝	1200	11:20	2	2026-07-05 11:18	2026-07-05 11:18:06	10	3.9	1
202602010804	芝	1200	11:20	2	2026-07-05 11:18	2026-07-05 11:18:06	11	170.5	14
202602010804	芝	1200	11:20	2	2026-07-05 11:18	2026-07-05 11:18:06	12	4.6	2
202602010804	芝	1200	11:20	2	2026-07-05 11:18	2026-07-05 11:18:06	13	17.7	8
202602010804	芝	1200	11:20	2	2026-07-05 11:18	2026-07-05 11:18:06	14	125.1	12
202602010804	芝	1200	11:20	2	2026-07-05 11:18	2026-07-05 11:18:06	15	19.9	9
202602010804	芝	1200	11:20	2	2026-07-05 11:18	2026-07-05 11:18:06	16	6.7	4
202603020404	ダ	1150	11:30	9	2026-07-05 11:21	2026-07-05 11:20:41	1	19.8	7
202603020404	ダ	1150	11:30	9	2026-07-05 11:21	2026-07-05 11:20:41	2	40.5	10
202603020404	ダ	1150	11:30	9	2026-07-05 11:21	2026-07-05 11:20:41	3	54.2	11
202603020404	ダ	1150	11:30	9	2026-07-05 11:21	2026-07-05 11:20:41	4	10.0	5
202603020404	ダ	1150	11:30	9	2026-07-05 11:21	2026-07-05 11:20:41	5	15.8	6
202603020404	ダ	1150	11:30	9	2026-07-05 11:21	2026-07-05 11:20:41	6	152.8	16
202603020404	ダ	1150	11:30	9	2026-07-05 11:21	2026-07-05 11:20:41	7	4.6	2
202603020404	ダ	1150	11:30	9	2026-07-05 11:21	2026-07-05 11:20:41	8	25.3	8
202603020404	ダ	1150	11:30	9	2026-07-05 11:21	2026-07-05 11:20:41	9	140.0	15
202603020404	ダ	1150	11:30	9	2026-07-05 11:21	2026-07-05 11:20:41	10	2.7	1
202603020404	ダ	1150	11:30	9	2026-07-05 11:21	2026-07-05 11:20:41	11	26.8	9
202603020404	ダ	1150	11:30	9	2026-07-05 11:21	2026-07-05 11:20:41	12	139.1	14
202603020404	ダ	1150	11:30	9	2026-07-05 11:21	2026-07-05 11:20:41	13	8.3	4
202603020404	ダ	1150	11:30	9	2026-07-05 11:21	2026-07-05 11:20:41	14	118.3	13
202603020404	ダ	1150	11:30	9	2026-07-05 11:21	2026-07-05 11:20:41	15	5.7	3
202603020404	ダ	1150	11:30	9	2026-07-05 11:21	2026-07-05 11:20:41	16	69.4	12
202603020404	ダ	1150	11:30	6	2026-07-05 11:24	2026-07-05 11:23:41	1	20.6	7
202603020404	ダ	1150	11:30	6	2026-07-05 11:24	2026-07-05 11:23:41	2	40.3	10
202603020404	ダ	1150	11:30	6	2026-07-05 11:24	2026-07-05 11:23:41	3	62.9	11
202603020404	ダ	1150	11:30	6	2026-07-05 11:24	2026-07-05 11:23:41	4	9.7	5
202603020404	ダ	1150	11:30	6	2026-07-05 11:24	2026-07-05 11:23:41	5	15.1	6
202603020404	ダ	1150	11:30	6	2026-07-05 11:24	2026-07-05 11:23:41	6	145.9	15
202603020404	ダ	1150	11:30	6	2026-07-05 11:24	2026-07-05 11:23:41	7	4.4	2
202603020404	ダ	1150	11:30	6	2026-07-05 11:24	2026-07-05 11:23:41	8	25.5	8
202603020404	ダ	1150	11:30	6	2026-07-05 11:24	2026-07-05 11:23:41	9	152.5	16
202603020404	ダ	1150	11:30	6	2026-07-05 11:24	2026-07-05 11:23:41	10	2.9	1
202603020404	ダ	1150	11:30	6	2026-07-05 11:24	2026-07-05 11:23:41	11	26.5	9
202603020404	ダ	1150	11:30	6	2026-07-05 11:24	2026-07-05 11:23:41	12	143.4	14
202603020404	ダ	1150	11:30	6	2026-07-05 11:24	2026-07-05 11:23:41	13	7.9	4
202603020404	ダ	1150	11:30	6	2026-07-05 11:24	2026-07-05 11:23:41	14	120.1	13
202603020404	ダ	1150	11:30	6	2026-07-05 11:24	2026-07-05 11:23:41	15	5.5	3
202603020404	ダ	1150	11:30	6	2026-07-05 11:24	2026-07-05 11:23:41	16	76.9	12
202603020404	ダ	1150	11:30	3	2026-07-05 11:27	2026-07-05 11:26:41	1	24.8	7
202603020404	ダ	1150	11:30	3	2026-07-05 11:27	2026-07-05 11:26:41	2	47.3	10
202603020404	ダ	1150	11:30	3	2026-07-05 11:27	2026-07-05 11:26:41	3	85.5	11
202603020404	ダ	1150	11:30	3	2026-07-05 11:27	2026-07-05 11:26:41	4	10.4	5
202603020404	ダ	1150	11:30	3	2026-07-05 11:27	2026-07-05 11:26:41	5	15.8	6
202603020404	ダ	1150	11:30	3	2026-07-05 11:27	2026-07-05 11:26:41	6	209.9	15
202603020404	ダ	1150	11:30	3	2026-07-05 11:27	2026-07-05 11:26:41	7	4.0	2
202603020404	ダ	1150	11:30	3	2026-07-05 11:27	2026-07-05 11:26:41	8	28.8	8
202603020404	ダ	1150	11:30	3	2026-07-05 11:27	2026-07-05 11:26:41	9	234.6	16
202603020404	ダ	1150	11:30	3	2026-07-05 11:27	2026-07-05 11:26:41	10	2.7	1
202603020404	ダ	1150	11:30	3	2026-07-05 11:27	2026-07-05 11:26:41	11	31.0	9
202603020404	ダ	1150	11:30	3	2026-07-05 11:27	2026-07-05 11:26:41	12	192.1	14
202603020404	ダ	1150	11:30	3	2026-07-05 11:27	2026-07-05 11:26:41	13	8.6	4
202603020404	ダ	1150	11:30	3	2026-07-05 11:27	2026-07-05 11:26:41	14	177.4	13
202603020404	ダ	1150	11:30	3	2026-07-05 11:27	2026-07-05 11:26:41	15	4.9	3
202603020404	ダ	1150	11:30	3	2026-07-05 11:27	2026-07-05 11:26:41	16	111.3	12
202610020404	ダ	1000	11:40	10	2026-07-05 11:30	2026-07-05 11:30:06	1	87.2	13
202610020404	ダ	1000	11:40	10	2026-07-05 11:30	2026-07-05 11:30:06	2	10.1	5
202610020404	ダ	1000	11:40	10	2026-07-05 11:30	2026-07-05 11:30:06	3	54.4	11
202610020404	ダ	1000	11:40	10	2026-07-05 11:30	2026-07-05 11:30:06	4	7.4	3
202610020404	ダ	1000	11:40	10	2026-07-05 11:30	2026-07-05 11:30:06	5	11.4	6
202610020404	ダ	1000	11:40	10	2026-07-05 11:30	2026-07-05 11:30:06	6	9.8	4
202610020404	ダ	1000	11:40	10	2026-07-05 11:30	2026-07-05 11:30:06	7	91.1	14
202610020404	ダ	1000	11:40	10	2026-07-05 11:30	2026-07-05 11:30:06	8	2.2	1
202610020404	ダ	1000	11:40	10	2026-07-05 11:30	2026-07-05 11:30:06	9	76.0	12
202610020404	ダ	1000	11:40	10	2026-07-05 11:30	2026-07-05 11:30:06	10	23.6	9
202610020404	ダ	1000	11:40	10	2026-07-05 11:30	2026-07-05 11:30:06	11	26.8	10
202610020404	ダ	1000	11:40	10	2026-07-05 11:30	2026-07-05 11:30:06	12	20.9	8
202610020404	ダ	1000	11:40	10	2026-07-05 11:30	2026-07-05 11:30:06	13	13.3	7
202610020404	ダ	1000	11:40	10	2026-07-05 11:30	2026-07-05 11:30:06	14	7.3	2
202610020404	ダ	1000	11:40	7	2026-07-05 11:33	2026-07-05 11:32:21	1	97.0	13
202610020404	ダ	1000	11:40	7	2026-07-05 11:33	2026-07-05 11:32:21	2	10.7	5
202610020404	ダ	1000	11:40	7	2026-07-05 11:33	2026-07-05 11:32:21	3	58.4	11
202610020404	ダ	1000	11:40	7	2026-07-05 11:33	2026-07-05 11:32:21	4	8.0	3
202610020404	ダ	1000	11:40	7	2026-07-05 11:33	2026-07-05 11:32:21	5	11.2	6
202610020404	ダ	1000	11:40	7	2026-07-05 11:33	2026-07-05 11:32:21	6	10.5	4
202610020404	ダ	1000	11:40	7	2026-07-05 11:33	2026-07-05 11:32:21	7	103.2	14
202610020404	ダ	1000	11:40	7	2026-07-05 11:33	2026-07-05 11:32:21	8	2.1	1
202610020404	ダ	1000	11:40	7	2026-07-05 11:33	2026-07-05 11:32:21	9	78.8	12
202610020404	ダ	1000	11:40	7	2026-07-05 11:33	2026-07-05 11:32:21	10	24.7	9
202610020404	ダ	1000	11:40	7	2026-07-05 11:33	2026-07-05 11:32:21	11	28.4	10
202610020404	ダ	1000	11:40	7	2026-07-05 11:33	2026-07-05 11:32:21	12	22.0	8
202610020404	ダ	1000	11:40	7	2026-07-05 11:33	2026-07-05 11:32:21	13	13.9	7
202610020404	ダ	1000	11:40	7	2026-07-05 11:33	2026-07-05 11:32:21	14	7.2	2
202610020404	ダ	1000	11:40	4	2026-07-05 11:36	2026-07-05 11:36:06	1	142.0	13
202610020404	ダ	1000	11:40	4	2026-07-05 11:36	2026-07-05 11:36:06	2	12.7	6
202610020404	ダ	1000	11:40	4	2026-07-05 11:36	2026-07-05 11:36:06	3	87.5	11
202610020404	ダ	1000	11:40	4	2026-07-05 11:36	2026-07-05 11:36:06	4	8.8	3
202610020404	ダ	1000	11:40	4	2026-07-05 11:36	2026-07-05 11:36:06	5	12.3	5
202610020404	ダ	1000	11:40	4	2026-07-05 11:36	2026-07-05 11:36:06	6	12.1	4
202610020404	ダ	1000	11:40	4	2026-07-05 11:36	2026-07-05 11:36:06	7	145.9	14
202610020404	ダ	1000	11:40	4	2026-07-05 11:36	2026-07-05 11:36:06	8	1.9	1
202610020404	ダ	1000	11:40	4	2026-07-05 11:36	2026-07-05 11:36:06	9	103.3	12
202610020404	ダ	1000	11:40	4	2026-07-05 11:36	2026-07-05 11:36:06	10	27.4	9
202610020404	ダ	1000	11:40	4	2026-07-05 11:36	2026-07-05 11:36:06	11	33.0	10
202610020404	ダ	1000	11:40	4	2026-07-05 11:36	2026-07-05 11:36:06	12	24.6	8
202610020404	ダ	1000	11:40	4	2026-07-05 11:36	2026-07-05 11:36:06	13	16.1	7
202610020404	ダ	1000	11:40	4	2026-07-05 11:36	2026-07-05 11:36:06	14	6.0	2
202602010805	芝	1800	12:10	9	2026-07-05 12:01	2026-07-05 12:00:26	1	1.4	1
202602010805	芝	1800	12:10	9	2026-07-05 12:01	2026-07-05 12:00:26	2	4.8	2
202602010805	芝	1800	12:10	9	2026-07-05 12:01	2026-07-05 12:00:26	3	5.1	3
202602010805	芝	1800	12:10	9	2026-07-05 12:01	2026-07-05 12:00:26	4	13.4	5
202602010805	芝	1800	12:10	9	2026-07-05 12:01	2026-07-05 12:00:26	5	10.2	4
